model,eop_tolerance,model_implied_agreement,model_implied_eop_gap,measured_dp_gap,changed_from_v1
structured_merit,1.0,0.9741250118389406,0.013228158888601182,0.02195971841840305,194
structured_merit,0.1,0.9741250118389406,0.013228158888601182,0.02195971841840305,194
structured_merit,0.075,0.9741250118389406,0.013228158888601182,0.02195971841840305,194
structured_merit,0.05,0.9741250118389406,0.013228158888601182,0.02195971841840305,194
structured_merit,0.03,0.9741250118389406,0.013228158888601182,0.02195971841840305,194
structured_merit,0.02,0.9741250118389406,0.013228158888601182,0.02195971841840305,194
structured_merit,0.01,0.9741117721578211,0.009454801276241764,0.018852211095044147,196
structured_merit,0.005,0.9740212972978347,0.004474830029494448,0.014708867997232256,198
structured_merit,0.002,0.9739143777366974,0.001999935163853883,0.012637196448326282,196
structured_merit,0.001,0.973848359648637,0.0007702821401331938,0.011601360673873351,194
broad_merit,1.0,0.9576571937164687,0.01670932877646325,0.008493853350514391,152
broad_merit,0.1,0.9576571937164687,0.01670932877646325,0.008493853350514391,152
broad_merit,0.075,0.9576571937164687,0.01670932877646325,0.008493853350514391,152
broad_merit,0.05,0.9576571937164687,0.01670932877646325,0.008493853350514391,152
broad_merit,0.03,0.9576571937164687,0.01670932877646325,0.008493853350514391,152
broad_merit,0.02,0.9576571937164687,0.01670932877646325,0.008493853350514391,152
broad_merit,0.01,0.9576078437301848,0.009138600906371863,0.002278838703796582,152
broad_merit,0.005,0.9574871337725149,0.004131436906042452,0.001864504394015365,154
broad_merit,0.002,0.957401574786744,0.001681416979244732,0.003936175942921283,152
broad_merit,0.001,0.9573563106176912,0.00045476745614625447,0.0049720117173742695,152
