snapshot,created_utc,model,grants,grant_rate,selection_rate_centre,selection_rate_remote,demographic_parity_gap,historical_holdout_agreement,official_accuracy,official_macro_f1,official_reference_eop_gap,official_result_source,changed_decisions_from_previous,csv_sha256,predictions_file
20261003T163633759848Z_baseline-original_36c4465b,2026-10-03T16:36:33.759848+00:00,baseline-original,1562,0.3905,0.4679595278246206,0.27764127764127766,0.19031825018334292,0.8813333333333333,,,,,,36c4465b7f4cd27ed4e0dbbf4f0e707b9e105d7e3196923029b216b99ba58ac1,20261003T163633759848Z_baseline-original_36c4465b/predictions.csv
20261003T163633785813Z_corrected-initial_0120f838,2026-10-03T16:36:33.785813+00:00,corrected-initial,1600,0.4,0.40008431703204045,0.3998771498771499,0.00020716715489055293,0.8533333333333334,,,,,388.0,0120f838852cf652c01bcee39ee0ef453d2591a4b5394d033a506b4d48de18c6,20261003T163633785813Z_corrected-initial_0120f838/predictions.csv
20261003T163644542154Z_corrected-policy-audited_0120f838,2026-10-03T16:36:44.542154+00:00,corrected-policy-audited,1600,0.4,0.40008431703204045,0.3998771498771499,0.00020716715489055293,0.8533333333333334,0.9463,0.944,,HxBuddy; user-reported; team SOTA Overfitters; rounded display,0.0,0120f838852cf652c01bcee39ee0ef453d2591a4b5394d033a506b4d48de18c6,20261003T163644542154Z_corrected-policy-audited_0120f838/predictions.csv
20261003T170400518781Z_v2-structured-merit_e83a4b59,2026-10-03T17:04:00.518781+00:00,v2-structured_merit,1600,0.4,0.40893760539629004,0.386977886977887,0.02195971841840305,,0.9223,0.919,,HxBuddy; user-reported; team SOTA Overfitters; rounded display,194.0,e83a4b594feced41f11bd8c90adfbfdd7ac6f028b8243c4b65291dc7951362a8,20261003T170400518781Z_v2-structured-merit_e83a4b59/predictions.csv
20261003T170401235593Z_v2-broad-merit_ad1a53d9,2026-10-03T17:04:01.235593+00:00,v2-broad_merit,1600,0.4,0.40345699831365933,0.39496314496314494,0.008493853350514391,,,,,,60.0,ad1a53d97cb2e78e9b5ec880a16608119fcb54b4ff3f78993fdaffda6941dd84,20261003T170401235593Z_v2-broad-merit_ad1a53d9/predictions.csv
20261003T170401370588Z_v2-academic-anchor_fe0fda5e,2026-10-03T17:04:01.370588+00:00,v2-academic-anchor,1600,0.4,0.422849915682968,0.3667076167076167,0.05614229897535128,,0.9313,0.9284,,HxBuddy; user-reported; team SOTA Overfitters; rounded display,126.0,fe0fda5e5b48661352404980de2d0af510466bab4711f9374d0531708c45c01c,20261003T170401370588Z_v2-academic-anchor_fe0fda5e/predictions.csv
20261003T172703142369Z_v3-feedback-conditioned_2a16729f,2026-10-03T17:27:03.142369+00:00,v3-feedback-conditioned,1600,0.4,0.37731871838111297,0.43304668304668303,0.05572796466557006,,,,,,290.0,2a16729f35fcb9e211b4f9d14ed115a00b42da636af8fcd704641d888964b1f2,20261003T172703142369Z_v3-feedback-conditioned_2a16729f/predictions.csv
20261003T172906132935Z_v3-feedback-conditioned_96ac7e4b,2026-10-03T17:29:06.132935+00:00,v3-feedback-conditioned,1600,0.4,0.39671163575042157,0.4047911547911548,0.00807951904073323,,0.9458,0.9434999999999999,,HxBuddy UI; directly observed,118.0,96ac7e4b1e5f5c723908bbb4330094d8bd23e3cbf56ef14521ddffc4482cb8c0,20261003T172906132935Z_v3-feedback-conditioned_96ac7e4b/predictions.csv
20261003T173553343153Z_work-022_5e56596c,2026-10-03T17:35:53.343153+00:00,work_022,1600,0.4,0.38069139966273186,0.42813267813267813,0.04744127846994628,,0.9368000000000001,0.9340999999999999,,HxBuddy UI; directly observed,102.0,5e56596ca84879cdda199318e7cdfcc6452ecddbd802c1232f620e7b912c344c,20261003T173553343153Z_work-022_5e56596c/predictions.csv
20261003T173553508116Z_income-positive_c9bddf03,2026-10-03T17:35:53.508116+00:00,income_positive,1600,0.4,0.4139966273187184,0.3796068796068796,0.03438974771183878,,0.9383,0.9357,,HxBuddy UI; directly observed,232.0,c9bddf03671fd532a688a2e31df18b024a74ea8c0d4b243dc1a5004a2c72875a,20261003T173553508116Z_income-positive_c9bddf03/predictions.csv
20261003T173553661117Z_income-negative_eadf4645,2026-10-03T17:35:53.661117+00:00,income_negative,1600,0.4,0.3891231028667791,0.41584766584766586,0.026724562980886768,,0.9368000000000001,0.9340999999999999,,HxBuddy UI; directly observed,290.0,eadf4645842773ad441276c55e5d0d9b5dc6cfa4b53514841f8e2452d65384e8,20261003T173553661117Z_income-negative_eadf4645/predictions.csv
20261003T173553860733Z_firstgen-positive_43ce21b9,2026-10-03T17:35:53.860733+00:00,firstgen_positive,1600,0.4,0.39586846543001686,0.406019656019656,0.010151190589639147,,0.9343,0.9315000000000001,,HxBuddy UI; directly observed,172.0,43ce21b931aa6da4c1eb5349e195a662e167264be59bd059ff34d14fdc7d81eb,20261003T173553860733Z_firstgen-positive_43ce21b9/predictions.csv
20261003T173554015736Z_firstgen-negative_a3500f35,2026-10-03T17:35:54.015736+00:00,firstgen_negative,1600,0.4,0.40387858347386174,0.39434889434889436,0.009529689124967378,,,,,,276.0,a3500f3593f7a6c1c5853bda57be5a0e2a88cb659f3b3aa1788091bcd00de20f,20261003T173554015736Z_firstgen-negative_a3500f35/predictions.csv
20261003T173554176733Z_commute-positive_678ed1a6,2026-10-03T17:35:54.176733+00:00,commute_positive,1600,0.4,0.3836424957841484,0.4238329238329238,0.04019042804877543,,0.9408,0.9383,,HxBuddy UI; directly observed,164.0,678ed1a6da8ec66e9f4443f8bca3c36f3de20606dde64b392df251827c767931,20261003T173554176733Z_commute-positive_678ed1a6/predictions.csv
20261003T174409483857Z_remote-positive_0125662d,2026-10-03T17:44:09.483857+00:00,remote_positive,1600,0.4,0.3697301854974705,0.4441031941031941,0.0743730086057236,,0.9333,0.9305,,HxBuddy UI; directly observed,76.0,0125662df18ac1815dda6e2804cc5acfb25d605be7f76315ed92256bd2a7f9f7,20261003T174409483857Z_remote-positive_0125662d/predictions.csv
20261003T174643107811Z_maxentropy-10_be5c684f,2026-10-03T17:46:43.107811+00:00,maxentropy_10,1600,0.4,0.40556492411467115,0.3918918918918919,0.013673032222779269,,0.9468000000000001,0.9445,,HxBuddy UI; directly observed,170.0,be5c684fe835db74b02836c56cfc73331ee2b6e59cee80406a443ce5a4b092e1,20261003T174643107811Z_maxentropy-10_be5c684f/predictions.csv
20261003T174849668846Z_maxentropy-11_2038f8dc,2026-10-03T17:48:49.668846+00:00,maxentropy_11,1600,0.4,0.40345699831365933,0.39496314496314494,0.008493853350514391,,0.9478,0.9456,,HxBuddy UI; directly observed,16.0,2038f8dcd0f728d7d380bab9c7aca8740b12eeeb093e894d4a6caf94f4928bd4,20261003T174849668846Z_maxentropy-11_2038f8dc/predictions.csv
20261003T175021851824Z_additive-spline-c0-1_9f9f514c,2026-10-03T17:50:21.851824+00:00,additive_spline_C0.1,1600,0.4,0.3996627318718381,0.4004914004914005,0.0008286686195623783,,0.9473,0.945,,HxBuddy UI; directly observed,44.0,9f9f514caa384c0d81189ff08f5b016c035e8b68fb85f6b1cc71a1e6f998fb3c,20261003T175021851824Z_additive-spline-c0-1_9f9f514c/predictions.csv
20261003T175021939285Z_additive-spline-c1_2d8262de,2026-10-03T17:50:21.939285+00:00,additive_spline_C1,1600,0.4,0.3988195615514334,0.40171990171990174,0.0029003401684683516,,,,,,6.0,2d8262de69dfae5e7ba50ce95869f6621ff686c405c5ec1176c6369252e0a5ab,20261003T175021939285Z_additive-spline-c1_2d8262de/predictions.csv
20261003T175022030319Z_additive-spline-c10_6abe7266,2026-10-03T17:50:22.030319+00:00,additive_spline_C10,1600,0.4,0.3988195615514334,0.40171990171990174,0.0029003401684683516,,,,,,2.0,6abe72661c0ee3e2e21a485c8b23a56ac51784cf0af344a1af689e8f14021615,20261003T175022030319Z_additive-spline-c10_6abe7266/predictions.csv
20261003T175209397846Z_maxentropy-13_80a004de,2026-10-03T17:52:09.397846+00:00,maxentropy_13,1600,0.4,0.40472175379426645,0.3931203931203931,0.011601360673873351,,0.9478,0.9456,,HxBuddy UI; directly observed,38.0,80a004de39a7315fedc4ef622660b701e6d0372b859d336aa4016b52d89bdff0,20261003T175209397846Z_maxentropy-13_80a004de/predictions.csv
20261003T180138757023Z_offline-robust-calibration_970f9adb,2026-10-03T18:01:38.757023+00:00,offline-robust-calibration,1600,0.4,0.40387858347386174,0.39434889434889436,0.009529689124967378,,,,,,16.0,970f9adb4137e86597d7f790e6e49e06d678c086755553672a97391e321db209,20261003T180138757023Z_offline-robust-calibration_970f9adb/predictions.csv
