academic_band,group,size,mean
"[15.0, 24.0)",Centre,533,0.001876172607879925
"[15.0, 24.0)",Remote,534,0.0
"[24.0, 26.0)",Centre,995,0.02814070351758794
"[24.0, 26.0)",Remote,754,0.007957559681697613
"[26.0, 28.0)",Centre,1489,0.24110141034251176
"[26.0, 28.0)",Remote,1063,0.06679209783631232
"[28.0, 30.0)",Centre,1443,0.704088704088704
"[28.0, 30.0)",Remote,912,0.4067982456140351
"[30.0, 32.0)",Centre,990,0.9585858585858585
"[30.0, 32.0)",Remote,514,0.8249027237354085
"[32.0, 40.01)",Centre,550,0.9981818181818182
"[32.0, 40.01)",Remote,223,0.9865470852017937
