method,max_gap,historical_agreement,historical_macro_f1,selection_rate,centre_selection,remote_selection,demographic_parity_gap,historical_tpr_centre,historical_tpr_remote,historical_tpr_gap,historical_fpr_centre,historical_fpr_remote,ranking_utility_loss,historical_pareto
baseline score,1.0,0.878,0.8728812970645998,0.4,0.4732394366197183,0.2938775510204082,0.1793618855993101,0.8556461001164144,0.8289085545722714,0.026737545544142982,0.1146288209606987,0.08916478555304741,0.0,False
baseline score,0.25,0.878,0.8728812970645998,0.4,0.4732394366197183,0.2938775510204082,0.1793618855993101,0.8556461001164144,0.8289085545722714,0.026737545544142982,0.1146288209606987,0.08916478555304741,0.0,False
baseline score,0.2,0.878,0.8728812970645998,0.4,0.4732394366197183,0.2938775510204082,0.1793618855993101,0.8556461001164144,0.8289085545722714,0.026737545544142982,0.1146288209606987,0.08916478555304741,0.0,False
baseline score,0.15,0.8793333333333333,0.8742705725065169,0.4,0.4608450704225352,0.31183673469387757,0.14900833572865763,0.8509895227008148,0.8466076696165191,0.004381853084295728,0.09497816593886463,0.1072234762979684,0.0002718686744328049,True
baseline score,0.1,0.872,0.8666295575759737,0.4,0.4405633802816901,0.34122448979591835,0.09933889048577177,0.8265424912689173,0.8761061946902655,0.04956370342134819,0.07860262008733625,0.136568848758465,0.0023663385354693294,True
baseline score,0.075,0.8673333333333333,0.8617670935292644,0.4,0.4304225352112676,0.35591836734693877,0.07450416786432884,0.810244470314319,0.8967551622418879,0.08651069192756888,0.07423580786026202,0.1489841986455982,0.004110260591605463,True
baseline score,0.05,0.8613333333333333,0.8555153540406382,0.4,0.42028169014084504,0.3706122448979592,0.04966944524288586,0.7939464493597206,0.911504424778761,0.11755797541904045,0.06986899563318777,0.1636568848758465,0.006202582639309602,True
baseline score,0.03,0.858,0.8520421654358459,0.4,0.41183098591549294,0.38285714285714284,0.0289738430583501,0.7811408614668219,0.9292035398230089,0.14806267835618692,0.06550218340611354,0.17381489841986456,0.008166623431373143,True
baseline score,0.02,0.8573333333333333,0.8513475277148873,0.4,0.40788732394366195,0.38857142857142857,0.019315895372233383,0.7764842840512224,0.9380530973451328,0.16156881329391037,0.06222707423580786,0.17832957110609482,0.009144871291054605,True
baseline score,0.01,0.8533333333333334,0.8471797013891365,0.4,0.40394366197183096,0.3942857142857143,0.009657947686116664,0.7683352735739232,0.9410029498525073,0.17266767627858415,0.06222707423580786,0.18510158013544017,0.010161018376128633,False
baseline score,0.005,0.852,0.8457904259472195,0.4,0.40169014084507043,0.39755102040816326,0.004139120436907173,0.7660069848661234,0.9410029498525073,0.17499596498638392,0.060043668122270744,0.18961625282167044,0.010758499950324487,False
baseline score,0.001,0.852,0.8457904259472195,0.4,0.4,0.4,0.0,0.7648428405122235,0.943952802359882,0.17910996184765848,0.05786026200873363,0.19187358916478556,0.011211773360370936,False
repaired score,1.0,0.8533333333333334,0.8471797013891365,0.4,0.4,0.4,0.0,0.7694994179278231,0.9380530973451328,0.1685536794173097,0.05349344978165939,0.19413092550790068,0.0,True
repaired score,0.25,0.8533333333333334,0.8471797013891365,0.4,0.4,0.4,0.0,0.7694994179278231,0.9380530973451328,0.1685536794173097,0.05349344978165939,0.19413092550790068,0.0,True
repaired score,0.2,0.8533333333333334,0.8471797013891365,0.4,0.4,0.4,0.0,0.7694994179278231,0.9380530973451328,0.1685536794173097,0.05349344978165939,0.19413092550790068,0.0,True
repaired score,0.15,0.8533333333333334,0.8471797013891365,0.4,0.4,0.4,0.0,0.7694994179278231,0.9380530973451328,0.1685536794173097,0.05349344978165939,0.19413092550790068,0.0,True
repaired score,0.1,0.8533333333333334,0.8471797013891365,0.4,0.4,0.4,0.0,0.7694994179278231,0.9380530973451328,0.1685536794173097,0.05349344978165939,0.19413092550790068,0.0,True
repaired score,0.075,0.8533333333333334,0.8471797013891365,0.4,0.4,0.4,0.0,0.7694994179278231,0.9380530973451328,0.1685536794173097,0.05349344978165939,0.19413092550790068,0.0,True
repaired score,0.05,0.8533333333333334,0.8471797013891365,0.4,0.4,0.4,0.0,0.7694994179278231,0.9380530973451328,0.1685536794173097,0.05349344978165939,0.19413092550790068,0.0,True
repaired score,0.03,0.8533333333333334,0.8471797013891365,0.4,0.4,0.4,0.0,0.7694994179278231,0.9380530973451328,0.1685536794173097,0.05349344978165939,0.19413092550790068,0.0,True
repaired score,0.02,0.8533333333333334,0.8471797013891365,0.4,0.4,0.4,0.0,0.7694994179278231,0.9380530973451328,0.1685536794173097,0.05349344978165939,0.19413092550790068,0.0,True
repaired score,0.01,0.8533333333333334,0.8471797013891365,0.4,0.4,0.4,0.0,0.7694994179278231,0.9380530973451328,0.1685536794173097,0.05349344978165939,0.19413092550790068,0.0,True
repaired score,0.005,0.8533333333333334,0.8471797013891365,0.4,0.4,0.4,0.0,0.7694994179278231,0.9380530973451328,0.1685536794173097,0.05349344978165939,0.19413092550790068,0.0,True
repaired score,0.001,0.8533333333333334,0.8471797013891365,0.4,0.4,0.4,0.0,0.7694994179278231,0.9380530973451328,0.1685536794173097,0.05349344978165939,0.19413092550790068,0.0,True
