sample,region,n,grants,rate,ci_low,ci_high
historical decisions,Bas-Saint-Laurent,1293,348,0.2691415313225058,0.24567711151354077,0.2939736330401592
historical decisions,Capitale-Nationale,1999,968,0.4842421210605303,0.46238568753743103,0.5061590019473295
historical decisions,Cote-Nord,1178,310,0.2631578947368421,0.2388107138334705,0.28904473933636265
historical decisions,Gaspesie-Iles-de-la-Madeleine,1529,434,0.2838456507521256,0.261810214286905,0.3069644974118858
historical decisions,Montreal,4001,1934,0.4833791552111972,0.46791814087437195,0.49887205510028615
evaluation corrected,Bas-Saint-Laurent,504,193,0.38293650793650796,0.3415349426440891,0.42610907705840084
evaluation corrected,Capitale-Nationale,821,326,0.39707673568818513,0.364161502353229,0.4309506392677494
evaluation corrected,Cote-Nord,491,195,0.3971486761710794,0.3548278629444416,0.4410663609536466
evaluation corrected,Gaspesie-Iles-de-la-Madeleine,633,263,0.4154818325434439,0.3777139376925508,0.4542693628322878
evaluation corrected,Montreal,1551,623,0.4016763378465506,0.37755053436227026,0.4262879867488568
