attempt,model,accuracy_percent,macro_f1_percent,recorded_utc,snapshot,source,csv_sha256
1,corrected-policy-audited,94.63000000000001,94.39999999999999,2026-10-03T16:48:29.717431+00:00,20261003T163644542154Z_corrected-policy-audited_0120f838,HxBuddy; user-reported; team SOTA Overfitters; rounded display,0120f838852cf652c01bcee39ee0ef453d2591a4b5394d033a506b4d48de18c6
2,v2-structured_merit,92.23,91.9,2026-10-03T17:19:46.316671+00:00,20261003T170400518781Z_v2-structured-merit_e83a4b59,HxBuddy; user-reported; team SOTA Overfitters; rounded display,e83a4b594feced41f11bd8c90adfbfdd7ac6f028b8243c4b65291dc7951362a8
3,v2-academic-anchor,93.13,92.84,2026-10-03T17:27:50.152184+00:00,20261003T170401370588Z_v2-academic-anchor_fe0fda5e,HxBuddy; user-reported; team SOTA Overfitters; rounded display,fe0fda5e5b48661352404980de2d0af510466bab4711f9374d0531708c45c01c
4,v3-feedback-conditioned,94.58,94.35,2026-10-03T17:34:51.433920+00:00,20261003T172906132935Z_v3-feedback-conditioned_96ac7e4b,HxBuddy UI; directly observed,96ac7e4b1e5f5c723908bbb4330094d8bd23e3cbf56ef14521ddffc4482cb8c0
5,income_negative,93.68,93.41,2026-10-03T17:36:19.154561+00:00,20261003T173553661117Z_income-negative_eadf4645,HxBuddy UI; directly observed,eadf4645842773ad441276c55e5d0d9b5dc6cfa4b53514841f8e2452d65384e8
6,income_positive,93.83,93.57,2026-10-03T17:41:52.824867+00:00,20261003T173553508116Z_income-positive_c9bddf03,HxBuddy UI; directly observed,c9bddf03671fd532a688a2e31df18b024a74ea8c0d4b243dc1a5004a2c72875a
7,firstgen_positive,93.43,93.15,2026-10-03T17:42:45.407731+00:00,20261003T173553860733Z_firstgen-positive_43ce21b9,HxBuddy UI; directly observed,43ce21b931aa6da4c1eb5349e195a662e167264be59bd059ff34d14fdc7d81eb
8,work_022,93.68,93.41,2026-10-03T17:43:24.113616+00:00,20261003T173553343153Z_work-022_5e56596c,HxBuddy UI; directly observed,5e56596ca84879cdda199318e7cdfcc6452ecddbd802c1232f620e7b912c344c
9,commute_positive,94.08,93.83,2026-10-03T17:44:11.166546+00:00,20261003T173554176733Z_commute-positive_678ed1a6,HxBuddy UI; directly observed,678ed1a6da8ec66e9f4443f8bca3c36f3de20606dde64b392df251827c767931
10,remote_positive,93.33,93.05,2026-10-03T17:45:44.073616+00:00,20261003T174409483857Z_remote-positive_0125662d,HxBuddy UI; directly observed,0125662df18ac1815dda6e2804cc5acfb25d605be7f76315ed92256bd2a7f9f7
11,maxentropy_10,94.68,94.45,2026-10-03T17:47:13.518589+00:00,20261003T174643107811Z_maxentropy-10_be5c684f,HxBuddy UI; directly observed,be5c684fe835db74b02836c56cfc73331ee2b6e59cee80406a443ce5a4b092e1
12,maxentropy_11,94.78,94.56,2026-10-03T17:49:39.272374+00:00,20261003T174849668846Z_maxentropy-11_2038f8dc,HxBuddy UI; directly observed,2038f8dcd0f728d7d380bab9c7aca8740b12eeeb093e894d4a6caf94f4928bd4
13,additive_spline_C0.1,94.73,94.5,2026-10-03T17:51:23.350271+00:00,20261003T175021851824Z_additive-spline-c0-1_9f9f514c,HxBuddy UI; directly observed,9f9f514caa384c0d81189ff08f5b016c035e8b68fb85f6b1cc71a1e6f998fb3c
14,maxentropy_13,94.78,94.56,2026-10-03T17:52:47.444034+00:00,20261003T175209397846Z_maxentropy-13_80a004de,HxBuddy UI; directly observed,80a004de39a7315fedc4ef622660b701e6d0372b859d336aa4016b52d89bdff0
